--
-- PostgreSQL database dump
--

-- Dumped from database version 17.4
-- Dumped by pg_dump version 17.4

-- Started on 2025-05-31 13:44:18 MSK

SET statement_timeout = 0;
SET lock_timeout = 0;
SET idle_in_transaction_session_timeout = 0;
SET transaction_timeout = 0;
SET client_encoding = 'UTF8';
SET standard_conforming_strings = on;
SELECT pg_catalog.set_config('search_path', '', false);
SET check_function_bodies = false;
SET xmloption = content;
SET client_min_messages = warning;
SET row_security = off;

SET default_tablespace = '';

SET default_table_access_method = heap;

--
-- TOC entry 220 (class 1259 OID 16460)
-- Name: films; Type: TABLE; Schema: public; Owner: postgres
--

CREATE TABLE public.films (
    id bigint NOT NULL,
    name character varying NOT NULL,
    description character varying,
    release_date date,
    duration integer,
    genre character varying,
    rating numeric(3,1),
    mpa_rating character varying
);


ALTER TABLE public.films OWNER TO postgres;

--
-- TOC entry 219 (class 1259 OID 16459)
-- Name: films_id_seq; Type: SEQUENCE; Schema: public; Owner: postgres
--

ALTER TABLE public.films ALTER COLUMN id ADD GENERATED BY DEFAULT AS IDENTITY (
    SEQUENCE NAME public.films_id_seq
    START WITH 1
    INCREMENT BY 1
    NO MINVALUE
    NO MAXVALUE
    CACHE 1
);


--
-- TOC entry 226 (class 1259 OID 24707)
-- Name: friendship; Type: TABLE; Schema: public; Owner: postgres
--

CREATE TABLE public.friendship (
    id bigint NOT NULL,
    user_id bigint NOT NULL,
    friend_id bigint NOT NULL,
    status character varying,
    created_at timestamp with time zone DEFAULT now(),
    updated_at timestamp with time zone,
    CONSTRAINT not_same_user CHECK ((user_id <> friend_id))
);


ALTER TABLE public.friendship OWNER TO postgres;

--
-- TOC entry 225 (class 1259 OID 24706)
-- Name: friendship_id_seq; Type: SEQUENCE; Schema: public; Owner: postgres
--

ALTER TABLE public.friendship ALTER COLUMN id ADD GENERATED BY DEFAULT AS IDENTITY (
    SEQUENCE NAME public.friendship_id_seq
    START WITH 1
    INCREMENT BY 1
    NO MINVALUE
    NO MAXVALUE
    CACHE 1
);


--
-- TOC entry 222 (class 1259 OID 16474)
-- Name: review; Type: TABLE; Schema: public; Owner: postgres
--

CREATE TABLE public.review (
    id bigint NOT NULL,
    text character varying,
    rating numeric(3,1),
    film_id bigint,
    user_id bigint
);


ALTER TABLE public.review OWNER TO postgres;

--
-- TOC entry 221 (class 1259 OID 16473)
-- Name: review_id_seq; Type: SEQUENCE; Schema: public; Owner: postgres
--

ALTER TABLE public.review ALTER COLUMN id ADD GENERATED BY DEFAULT AS IDENTITY (
    SEQUENCE NAME public.review_id_seq
    START WITH 1
    INCREMENT BY 1
    NO MINVALUE
    NO MAXVALUE
    CACHE 1
);


--
-- TOC entry 223 (class 1259 OID 16514)
-- Name: user_likes; Type: TABLE; Schema: public; Owner: postgres
--

CREATE TABLE public.user_likes (
    user_id bigint NOT NULL,
    film_id bigint NOT NULL
);


ALTER TABLE public.user_likes OWNER TO postgres;

--
-- TOC entry 224 (class 1259 OID 24691)
-- Name: user_roles; Type: TABLE; Schema: public; Owner: postgres
--

CREATE TABLE public.user_roles (
    user_id bigint NOT NULL,
    role character varying(255) NOT NULL
);


ALTER TABLE public.user_roles OWNER TO postgres;

--
-- TOC entry 218 (class 1259 OID 16452)
-- Name: users; Type: TABLE; Schema: public; Owner: postgres
--

CREATE TABLE public.users (
    id bigint NOT NULL,
    email character varying,
    login character varying,
    name character varying,
    birthday date,
    password character varying,
    enabled boolean DEFAULT true
);


ALTER TABLE public.users OWNER TO postgres;

--
-- TOC entry 217 (class 1259 OID 16451)
-- Name: users_id_seq; Type: SEQUENCE; Schema: public; Owner: postgres
--

ALTER TABLE public.users ALTER COLUMN id ADD GENERATED BY DEFAULT AS IDENTITY (
    SEQUENCE NAME public.users_id_seq
    START WITH 1
    INCREMENT BY 1
    NO MINVALUE
    NO MAXVALUE
    CACHE 1
);


--
-- TOC entry 3645 (class 0 OID 16460)
-- Dependencies: 220
-- Data for Name: films; Type: TABLE DATA; Schema: public; Owner: postgres
--

COPY public.films (id, name, description, release_date, duration, genre, rating, mpa_rating) FROM stdin;
9	Comedy	descr	1995-07-15	110	COMEDY	7.2	G
16	Another women	Romantic comedy	2014-10-12	138	COMEDY	9.0	PG_13
10	Old house	descr	1995-07-15	107	DRAMA	8.5	PG
2	Mad Mike	second film	2000-07-15	98	ACTION	8.6	R
14	Test	новое описание	2000-09-18	120	SCIENCE_FICTION	7.4	G
3	Fil3	third film	2000-07-15	105	ACTION	6.5	R
17	Ocean's 11	descr	2001-05-19	120	COMEDY	8.0	PG_13
18	Ocean's 12	descr	2004-06-21	118	COMEDY	8.5	PG_13
19	5'th element	descr	1999-10-13	124	ACTION	9.0	PG
20	Ocean's 13	\N	2006-09-28	117	COMEDY	9.0	PG_13
21	Why him?	\N	2015-04-19	115	COMEDY	8.6	R
\.


--
-- TOC entry 3651 (class 0 OID 24707)
-- Dependencies: 226
-- Data for Name: friendship; Type: TABLE DATA; Schema: public; Owner: postgres
--

COPY public.friendship (id, user_id, friend_id, status, created_at, updated_at) FROM stdin;
3	2	6	ACCEPTED	2025-05-09 20:42:53.364493+03	2025-05-09 20:42:58.042599+03
1	2	3	ACCEPTED	2025-05-09 17:05:18.133584+03	2025-05-09 20:43:17.120832+03
5	9	2	ACCEPTED	2025-05-09 20:43:56.304796+03	2025-05-25 15:30:56.482126+03
7	11	3	ACCEPTED	2025-05-09 20:44:59.620162+03	2025-05-25 14:48:13.341611+03
6	2	11	ACCEPTED	2025-05-09 20:44:13.110221+03	2025-05-09 20:46:47.032866+03
8	3	7	ACCEPTED	2025-05-09 20:45:12.721997+03	2025-05-25 15:30:30.929347+03
11	3	6	ACCEPTED	2025-05-26 21:37:41.929894+03	\N
9	6	12	BLOCKED	2025-05-09 20:45:44.058026+03	2025-05-09 20:50:03.029911+03
12	12	11	REQUESTED	2025-05-28 23:40:55.616703+03	\N
13	12	3	REQUESTED	2025-05-28 23:58:16.83674+03	\N
\.


--
-- TOC entry 3647 (class 0 OID 16474)
-- Dependencies: 222
-- Data for Name: review; Type: TABLE DATA; Schema: public; Owner: postgres
--

COPY public.review (id, text, rating, film_id, user_id) FROM stdin;
2	normal	8.5	10	2
15	text	7.0	14	3
16	новый отзыв	9.0	14	2
19	Крутой фильм	10.0	14	7
20	Ужас	4.0	14	6
30	some text	8.0	10	7
31	Cool film	9.0	16	9
\.


--
-- TOC entry 3648 (class 0 OID 16514)
-- Dependencies: 223
-- Data for Name: user_likes; Type: TABLE DATA; Schema: public; Owner: postgres
--

COPY public.user_likes (user_id, film_id) FROM stdin;
2	14
3	14
6	14
7	14
6	10
7	10
3	2
\.


--
-- TOC entry 3649 (class 0 OID 24691)
-- Dependencies: 224
-- Data for Name: user_roles; Type: TABLE DATA; Schema: public; Owner: postgres
--

COPY public.user_roles (user_id, role) FROM stdin;
11	USER
9	ADMIN
12	USER
\.


--
-- TOC entry 3643 (class 0 OID 16452)
-- Dependencies: 218
-- Data for Name: users; Type: TABLE DATA; Schema: public; Owner: postgres
--

COPY public.users (id, email, login, name, birthday, password, enabled) FROM stdin;
2	littlemary@mail.ru	little_devil	Mary	2000-06-03	\N	t
11	daria@mail.ru	daria	Dasha	2000-06-03	$2a$04$.6s1M6nnrz0zDaFAWecFo.HGtWLmTsFfviEEZvgt3kr.IVZA5E4EW	t
7	nady@mail.ru	Nady	Nadine	1998-10-16	\N	t
6	peter@mail.ru	Peter13	Peter	1990-11-16	\N	t
3	kate@mail.ru	kate	Kate	2001-08-17	\N	t
9	nikita@mail.ru	mikita95	Nikika	1996-07-12	$2a$04$.6s1M6nnrz0zDaFAWecFo.HGtWLmTsFfviEEZvgt3kr.IVZA5E4EW	t
12	alex@mail.ru	alex	Alexandrr	1999-10-06	$2a$04$aAnDGCXqLQmARnG3ioD7xuf/Wta44P/B4sCsZEzFeDefQo20neRQy	t
\.


--
-- TOC entry 3657 (class 0 OID 0)
-- Dependencies: 219
-- Name: films_id_seq; Type: SEQUENCE SET; Schema: public; Owner: postgres
--

SELECT pg_catalog.setval('public.films_id_seq', 21, true);


--
-- TOC entry 3658 (class 0 OID 0)
-- Dependencies: 225
-- Name: friendship_id_seq; Type: SEQUENCE SET; Schema: public; Owner: postgres
--

SELECT pg_catalog.setval('public.friendship_id_seq', 13, true);


--
-- TOC entry 3659 (class 0 OID 0)
-- Dependencies: 221
-- Name: review_id_seq; Type: SEQUENCE SET; Schema: public; Owner: postgres
--

SELECT pg_catalog.setval('public.review_id_seq', 31, true);


--
-- TOC entry 3660 (class 0 OID 0)
-- Dependencies: 217
-- Name: users_id_seq; Type: SEQUENCE SET; Schema: public; Owner: postgres
--

SELECT pg_catalog.setval('public.users_id_seq', 12, true);


--
-- TOC entry 3481 (class 2606 OID 16466)
-- Name: films films_pk; Type: CONSTRAINT; Schema: public; Owner: postgres
--

ALTER TABLE ONLY public.films
    ADD CONSTRAINT films_pk PRIMARY KEY (id);


--
-- TOC entry 3487 (class 2606 OID 24715)
-- Name: friendship friendship_pkey; Type: CONSTRAINT; Schema: public; Owner: postgres
--

ALTER TABLE ONLY public.friendship
    ADD CONSTRAINT friendship_pkey PRIMARY KEY (id);


--
-- TOC entry 3483 (class 2606 OID 16480)
-- Name: review review_pk; Type: CONSTRAINT; Schema: public; Owner: postgres
--

ALTER TABLE ONLY public.review
    ADD CONSTRAINT review_pk PRIMARY KEY (id);


--
-- TOC entry 3489 (class 2606 OID 24717)
-- Name: friendship unique_friendship; Type: CONSTRAINT; Schema: public; Owner: postgres
--

ALTER TABLE ONLY public.friendship
    ADD CONSTRAINT unique_friendship UNIQUE (user_id, friend_id);


--
-- TOC entry 3485 (class 2606 OID 16518)
-- Name: user_likes user_likes_pkey; Type: CONSTRAINT; Schema: public; Owner: postgres
--

ALTER TABLE ONLY public.user_likes
    ADD CONSTRAINT user_likes_pkey PRIMARY KEY (user_id, film_id);


--
-- TOC entry 3477 (class 2606 OID 16458)
-- Name: users users_pk; Type: CONSTRAINT; Schema: public; Owner: postgres
--

ALTER TABLE ONLY public.users
    ADD CONSTRAINT users_pk PRIMARY KEY (id);


--
-- TOC entry 3479 (class 2606 OID 16498)
-- Name: users users_pk_2; Type: CONSTRAINT; Schema: public; Owner: postgres
--

ALTER TABLE ONLY public.users
    ADD CONSTRAINT users_pk_2 UNIQUE (login);


--
-- TOC entry 3492 (class 2606 OID 16524)
-- Name: user_likes fk6aog39hkl1hs1amxef5i9g4fv; Type: FK CONSTRAINT; Schema: public; Owner: postgres
--

ALTER TABLE ONLY public.user_likes
    ADD CONSTRAINT fk6aog39hkl1hs1amxef5i9g4fv FOREIGN KEY (user_id) REFERENCES public.users(id);


--
-- TOC entry 3490 (class 2606 OID 16481)
-- Name: review fk_film; Type: FK CONSTRAINT; Schema: public; Owner: postgres
--

ALTER TABLE ONLY public.review
    ADD CONSTRAINT fk_film FOREIGN KEY (film_id) REFERENCES public.films(id);


--
-- TOC entry 3491 (class 2606 OID 16486)
-- Name: review fk_user; Type: FK CONSTRAINT; Schema: public; Owner: postgres
--

ALTER TABLE ONLY public.review
    ADD CONSTRAINT fk_user FOREIGN KEY (user_id) REFERENCES public.users(id);


--
-- TOC entry 3493 (class 2606 OID 24700)
-- Name: user_likes fkqpqh0hx3mdvucat8mt9ov1gwf; Type: FK CONSTRAINT; Schema: public; Owner: postgres
--

ALTER TABLE ONLY public.user_likes
    ADD CONSTRAINT fkqpqh0hx3mdvucat8mt9ov1gwf FOREIGN KEY (film_id) REFERENCES public.films(id) ON DELETE CASCADE;


--
-- TOC entry 3495 (class 2606 OID 24723)
-- Name: friendship friendship_friend_id_fkey; Type: FK CONSTRAINT; Schema: public; Owner: postgres
--

ALTER TABLE ONLY public.friendship
    ADD CONSTRAINT friendship_friend_id_fkey FOREIGN KEY (friend_id) REFERENCES public.users(id) ON DELETE CASCADE;


--
-- TOC entry 3496 (class 2606 OID 24718)
-- Name: friendship friendship_user_id_fkey; Type: FK CONSTRAINT; Schema: public; Owner: postgres
--

ALTER TABLE ONLY public.friendship
    ADD CONSTRAINT friendship_user_id_fkey FOREIGN KEY (user_id) REFERENCES public.users(id) ON DELETE CASCADE;


--
-- TOC entry 3494 (class 2606 OID 24694)
-- Name: user_roles user_roles_user_id_fkey; Type: FK CONSTRAINT; Schema: public; Owner: postgres
--

ALTER TABLE ONLY public.user_roles
    ADD CONSTRAINT user_roles_user_id_fkey FOREIGN KEY (user_id) REFERENCES public.users(id);


-- Completed on 2025-05-31 13:44:18 MSK

--
-- PostgreSQL database dump complete
--

